applicant_id,income,employment_years,credit_score,loan_amount,existing_loans,monthly_debt,loan_term,synthetic_outcome
A0001,38706,11.5,738,334762,1,22360,72,1
A0002,197558,5.9,700,2114936,1,60421,60,1
A0003,169861,7.9,718,1097550,1,67312,60,0
A0004,119820,5.3,756,315147,2,30367,84,1
A0005,118459,4.8,621,930165,1,24760,60,0
A0006,217195,2.2,765,1699659,2,33841,60,1
A0007,37939,7.3,573,268926,3,22587,48,1
A0008,179790,1.9,718,1090791,1,94510,48,0
A0009,64741,8.3,705,331679,3,7291,36,1
A0010,39849,10.1,638,320355,2,19644,48,1
A0011,140143,7.0,688,902580,1,40570,84,1
A0012,244345,4.3,637,3000000,4,9663,36,1
A0013,188695,7.4,599,814358,1,67475,12,1
A0014,194585,4.2,660,1139585,0,21527,60,1
A0015,184455,9.4,596,1030474,1,29542,72,0
A0016,200367,0.0,717,1643960,1,92478,84,1
A0017,137069,4.1,592,1061249,1,25965,48,0
A0018,47722,0.0,751,441871,1,27821,72,0
A0019,212822,0.0,590,2654958,2,93098,24,0
A0020,122489,11.2,642,673055,3,66881,36,1
A0021,134082,9.3,637,1310531,2,55164,36,1
A0022,104025,2.5,803,287413,1,59158,36,1
A0023,60351,0.0,718,317149,1,15344,72,0
A0024,233010,0.0,672,1717064,0,86323,84,0
A0025,199324,3.2,732,563179,5,69734,36,1
A0026,167377,15.7,511,1503971,0,98811,12,1
A0027,111360,7.3,686,1071535,1,14727,72,1
A0028,208881,3.1,850,2159972,1,81129,72,1
A0029,144540,7.5,701,1145340,0,71944,84,1
A0030,120872,0.0,696,1068680,0,31358,24,1
A0031,122507,4.3,737,815736,0,69572,72,1
A0032,70719,5.9,766,207430,0,18477,72,1
A0033,39375,5.1,520,139761,1,5412,72,0
A0034,146664,8.8,547,1375335,3,57508,72,0
A0035,223991,6.9,708,2901429,1,65126,84,1
A0036,32805,8.3,629,87456,2,1293,48,1
A0037,217124,2.6,802,1813990,0,15915,12,1
A0038,210011,9.3,663,2181089,2,31727,24,1
A0039,82208,12.3,526,919179,3,41678,84,0
A0040,164546,1.4,582,1353333,0,95941,72,0
A0041,56333,1.8,456,507511,0,20747,12,0
A0042,193877,11.1,670,1903021,2,18506,36,1
A0043,180522,4.7,674,2079459,1,65230,24,1
A0044,100250,11.4,654,379350,1,56188,36,1
A0045,33757,3.6,782,412676,2,16699,60,1
A0046,243202,11.6,792,674444,0,51189,48,1
A0047,121399,6.1,676,1369393,1,12967,48,1
A0048,225204,6.6,509,744474,0,132515,48,1
A0049,175277,12.1,742,796388,1,98074,60,1
A0050,198585,4.0,737,504582,1,12571,60,1
A0051,194297,1.5,716,1394119,1,105052,12,1
A0052,63156,3.6,773,379616,0,5701,12,1
A0053,102426,7.4,591,434586,1,7092,36,1
A0054,126279,0.0,850,913811,1,63181,48,0
A0055,133488,8.2,608,897693,0,48391,84,1
A0056,28162,3.2,754,297403,2,8083,84,1
A0057,144804,10.3,547,1719963,0,85491,60,1
A0058,53795,0.0,611,503088,3,29607,12,0
A0059,190463,2.2,819,724961,1,12518,12,1
A0060,176468,0.0,668,988504,0,72700,48,0
A0061,232027,2.0,761,2805170,1,118057,60,1
A0062,190785,6.5,710,654719,1,70839,60,1
A0063,103061,4.7,681,697928,0,65904,12,1
A0064,242463,4.4,806,3000000,1,110405,84,1
A0065,113317,4.8,670,1414421,1,10716,48,1
A0066,93591,6.4,539,638069,1,14314,60,0
A0067,228085,1.3,622,2168556,0,123684,12,1
A0068,103947,8.5,737,758380,1,67357,72,1
A0069,35711,8.3,724,371799,1,3249,48,1
A0070,126937,7.1,557,359435,0,11704,24,1
A0071,202598,7.8,628,813157,0,101968,36,1
A0072,61957,6.7,641,554459,2,4331,36,1
A0073,125402,14.0,659,619711,1,9093,12,1
A0074,48141,5.1,573,457029,1,27973,84,0
A0075,177263,4.2,637,1096875,2,93290,72,1
A0076,128364,2.3,628,1515950,0,74011,84,0
A0077,94605,1.2,756,1050326,0,40994,36,1
A0078,70643,0.3,759,542171,0,16246,48,1
A0079,148964,1.8,678,1581312,2,88174,48,0
A0080,173397,5.2,657,927145,2,37317,48,0
A0081,236151,6.9,702,1815937,0,47423,60,1
A0082,119419,5.7,621,546170,1,69211,48,1
A0083,55279,2.3,593,637881,2,24992,72,0
A0084,211182,9.3,610,2353034,5,123608,12,1
A0085,164105,8.6,636,1964759,3,20785,24,1
A0086,180462,4.8,591,2113843,2,111963,84,1
A0087,40556,2.8,704,510023,3,16624,84,0
A0088,90469,7.8,752,443075,4,40185,72,1
A0089,196140,6.3,555,2409414,1,117040,36,0
A0090,211085,0.0,692,1793745,1,56163,48,0
A0091,118970,5.2,671,825200,2,56646,12,1
A0092,204706,6.6,719,1716240,0,87412,24,1
A0093,213273,1.7,689,1300395,0,110562,72,1
A0094,107895,6.3,566,596638,2,63238,36,1
A0095,226357,0.0,583,1139436,1,102231,48,0
A0096,84892,11.1,693,285704,1,6107,12,1
A0097,73577,10.7,777,567568,0,10562,48,1
A0098,176339,4.4,502,2084591,0,109589,72,0
A0099,165729,7.0,719,1510884,1,104503,60,1
A0100,50422,0.0,791,401876,2,31756,48,0
A0101,211195,0.6,677,1478413,0,11154,84,1
A0102,64378,4.3,737,474866,0,17197,24,1
A0103,204737,1.0,630,961734,1,102573,36,1
A0104,19708,8.5,680,219563,2,9791,60,1
A0105,202868,13.9,552,929748,0,16892,48,1
A0106,200567,0.6,491,2010592,0,81808,84,0
A0107,199045,2.0,770,2085960,2,23603,12,1
A0108,172246,6.5,606,1470313,4,57838,12,0
A0109,127404,12.3,651,1472883,3,22755,36,1
A0110,181599,0.4,572,1008969,0,11433,48,0
A0111,82292,6.5,570,967505,2,6551,84,0
A0112,199129,13.1,675,2022914,2,118433,48,1
A0113,146910,0.0,628,1599391,3,72233,48,0
A0114,124468,0.1,722,1179719,1,75643,24,0
A0115,135301,3.7,728,1540619,0,43485,48,1
A0116,149948,3.3,717,1938458,1,42921,48,1
A0117,26644,8.9,710,184156,0,6720,60,1
A0118,50433,6.5,824,557089,2,20784,60,1
A0119,74951,0.0,599,773351,2,18585,48,1
A0120,44571,7.7,685,323369,0,21960,24,1
A0121,119990,3.1,786,1467833,0,63213,24,1
A0122,173070,10.9,797,1149440,1,99173,24,1
A0123,169828,2.9,569,1432905,0,30660,60,0
A0124,127294,2.8,663,459836,0,45413,72,1
A0125,216379,7.8,805,1053904,4,36468,84,1
A0126,149135,8.7,733,1689298,0,7947,36,1
A0127,36373,7.4,707,242383,1,17054,12,1
A0128,195480,0.0,671,1297573,1,72400,60,0
A0129,151307,7.8,657,769063,1,72451,12,1
A0130,165255,1.2,714,1266169,3,13935,60,1
A0131,149167,6.5,669,1635031,1,96545,36,1
A0132,146430,0.0,686,1742403,2,94666,72,0
A0133,39011,7.4,697,126247,2,12417,60,1
A0134,147736,2.1,632,1261018,1,83760,72,0
A0135,202420,0.1,735,1499197,1,36641,36,0
A0136,88516,8.5,850,792215,0,43133,72,1
A0137,157859,6.5,539,1136016,2,90788,48,1
A0138,25149,2.9,718,168140,1,13457,60,1
A0139,98620,11.6,625,735187,2,52594,36,1
A0140,119318,3.6,739,1027446,2,37833,48,1
A0141,245996,5.6,694,1909009,2,132443,72,1
A0142,67783,6.6,755,505493,0,31061,36,1
A0143,82159,2.9,790,910919,1,9212,12,1
A0144,112779,7.5,706,1164929,1,11367,36,1
A0145,248299,3.3,786,1510769,1,126283,36,1
A0146,215990,3.8,491,2355600,2,90238,36,1
A0147,26048,11.2,825,298597,0,9169,12,1
A0148,72274,1.1,722,297167,1,42823,12,1
A0149,208629,0.0,782,1797999,1,91577,36,0
A0150,31526,12.3,586,173260,2,8689,36,1
A0151,216516,16.2,619,2221738,0,62062,12,1
A0152,83281,3.8,702,417008,1,33750,36,1
A0153,230896,0.0,689,2204996,1,115764,36,0
A0154,86114,4.2,714,445968,0,32715,12,1
A0155,118761,4.3,782,934294,0,41024,24,1
A0156,171565,4.7,540,2137835,2,82468,24,0
A0157,47297,0.8,773,307607,1,22100,24,1
A0158,147232,7.9,691,1721916,1,80214,72,1
A0159,135164,7.7,673,1738603,3,9297,12,1
A0160,199865,0.0,565,2335609,0,99547,60,0
A0161,249097,8.4,733,1056568,3,86818,60,1
A0162,172121,14.1,485,1911647,0,13135,72,1
A0163,112931,6.2,745,320449,2,50930,48,1
A0164,112282,4.1,563,744393,2,53250,48,0
A0165,114966,4.9,695,1338515,1,40773,72,1
A0166,206853,8.1,680,2013072,0,108009,72,1
A0167,92522,0.0,789,748852,0,19999,24,1
A0168,56737,6.2,675,372908,3,8805,72,0
A0169,95555,3.9,631,1053887,3,23646,48,0
A0170,23269,13.3,647,231535,2,6614,12,1
A0171,42625,4.8,798,316203,2,19671,60,1
A0172,38891,12.5,736,461678,1,21554,84,1
A0173,197000,0.9,657,968147,2,93963,12,0
A0174,185588,8.0,670,796008,0,25587,12,1
A0175,179651,6.8,557,1661671,1,46180,84,0
A0176,125155,1.9,723,1590212,1,16047,60,1
A0177,184358,6.2,540,939524,1,84025,24,1
A0178,55415,10.6,754,283810,1,10189,72,1
A0179,226945,4.1,701,899777,2,80733,36,1
A0180,134242,0.0,850,1548605,1,69931,36,1
A0181,235628,5.4,596,1149199,1,105086,36,1
A0182,53336,1.7,681,415134,1,11467,60,0
A0183,133381,4.1,843,1721170,1,31528,12,1
A0184,179547,5.2,791,471756,0,78118,36,1
A0185,132985,0.0,631,1109508,0,49294,36,0
A0186,121508,0.0,709,957366,0,10907,12,0
A0187,56561,7.5,690,620938,1,32346,72,1
A0188,106397,3.3,714,662902,1,37007,12,1
A0189,73394,0.0,631,499709,0,23742,84,0
A0190,87951,8.8,682,374966,1,13459,12,1
A0191,176619,6.6,554,1815389,3,46581,36,0
A0192,164226,2.5,701,1763696,0,38815,12,1
A0193,158870,0.0,728,625148,3,31433,36,0
A0194,101940,9.0,671,675995,1,38920,60,1
A0195,240649,7.0,553,2857828,0,76192,12,1
A0196,38334,15.5,774,96925,1,22284,48,1
A0197,97481,7.3,721,549497,1,59818,72,1
A0198,45377,7.1,628,377897,1,7536,48,1
A0199,96635,4.8,666,580582,1,8897,12,1
A0200,241161,8.9,562,1291773,1,124658,60,1
A0201,102973,8.1,603,754833,1,66604,24,1
A0202,228791,10.8,644,1008051,0,129366,12,1
A0203,132855,3.3,794,1070953,0,5938,48,1
A0204,180332,3.7,636,1788949,0,33503,24,1
A0205,124121,3.5,744,1060067,0,7059,12,1
A0206,79682,8.8,644,277106,2,42939,72,1
A0207,195301,11.8,711,2219848,1,76260,60,1
A0208,242849,3.6,678,1053301,0,84634,84,1
A0209,79138,3.7,764,833365,1,29579,48,1
A0210,198670,6.8,645,1248826,0,37056,48,1
A0211,78584,4.5,556,842341,4,31671,72,0
A0212,184319,9.5,573,860008,0,9034,12,1
A0213,201050,0.0,645,896673,1,86558,36,1
A0214,122252,2.0,584,943635,0,59335,72,1
A0215,188966,2.2,725,537765,0,84520,36,1
A0216,81160,0.0,650,394894,1,19147,84,0
A0217,36386,1.5,850,367576,0,19732,24,1
A0218,40362,1.7,542,455789,1,19117,36,0
A0219,121709,4.7,707,407512,1,13333,84,1
A0220,227404,10.2,594,2674684,1,34336,24,1
A0221,47597,4.5,648,517566,1,20229,84,0
A0222,123740,1.2,702,1439305,0,25916,12,0
A0223,181336,5.3,492,1783168,1,18868,24,0
A0224,64948,9.9,710,622111,0,8189,60,1
A0225,185415,1.4,850,1485819,1,24601,60,1
A0226,88982,1.7,651,832361,2,29029,84,0
A0227,205610,7.8,712,2498295,1,83597,84,1
A0228,152379,4.6,777,541781,1,21237,60,1
A0229,144883,8.2,676,842571,0,68348,60,1
A0230,59011,5.4,641,192422,1,12052,36,1
A0231,125464,8.4,497,1558320,4,27999,72,0
A0232,216735,1.2,744,1555136,2,36535,60,1
A0233,22529,5.4,680,216078,2,11644,12,0
A0234,193977,4.6,604,2198101,1,121252,72,0
A0235,132321,0.4,701,1707669,2,44374,36,0
A0236,184916,0.0,640,776410,2,10366,48,0
A0237,171885,8.4,645,1872667,2,32925,48,1
A0238,118246,4.0,742,1397424,0,15134,72,1
A0239,89611,1.2,576,270015,0,49511,24,0
A0240,163536,5.1,779,1703710,1,13510,36,1
A0241,50532,10.2,571,314542,3,31796,12,0
A0242,153511,0.0,634,1429228,2,60618,36,0
A0243,39969,0.0,850,315655,3,14029,12,1
A0244,168765,1.6,786,882184,1,93725,60,1
A0245,163869,11.6,698,642338,1,7715,84,1
A0246,37591,6.7,610,140137,1,19240,48,1
A0247,193737,8.7,645,694526,2,19818,84,1
A0248,114467,0.7,696,1052730,1,63104,84,0
A0249,200558,0.8,693,1241417,1,71818,12,0
A0250,27654,7.4,682,132038,0,1878,48,1
A0251,59634,5.7,687,582314,1,32597,48,1
A0252,132606,7.8,672,1287859,1,6224,36,1
A0253,61668,4.7,567,503289,1,7141,72,0
A0254,94528,6.7,646,1164307,0,49594,36,1
A0255,171259,6.2,768,1121207,1,54498,12,1
A0256,51529,8.8,574,581070,2,29704,48,0
A0257,175227,8.9,674,576315,1,74290,24,1
A0258,41989,0.0,620,431153,0,17492,36,0
A0259,58643,0.0,699,755245,0,12385,48,1
A0260,154334,9.7,657,1757753,2,17422,72,1
A0261,202088,10.5,816,1735224,0,126492,24,1
A0262,57577,1.2,733,522859,1,5468,36,1
A0263,87598,0.0,578,543943,3,31359,12,0
A0264,232628,5.9,747,2241277,2,46291,36,1
A0265,247607,9.4,624,2621948,1,47978,60,1
A0266,152806,13.0,641,1983636,3,60915,60,1
A0267,121713,7.7,717,933643,1,63865,36,1
A0268,98474,3.9,648,309572,2,50404,12,1
A0269,160089,1.7,766,1401821,0,91036,60,1
A0270,155092,5.5,624,581557,2,32817,60,1
A0271,86382,4.2,637,437960,4,27536,12,0
A0272,23290,1.2,634,138626,1,833,48,0
A0273,53147,14.1,642,540814,1,26204,12,1
A0274,240386,13.0,783,1064906,4,52273,48,1
A0275,115012,10.3,743,487698,1,43489,60,1
A0276,129894,1.6,835,386061,0,17531,72,1
A0277,126369,9.1,850,1474602,3,67990,60,0
A0278,199595,8.2,602,1952400,1,107124,72,1
A0279,33069,7.4,696,96543,0,18982,24,1
A0280,37193,10.7,590,104031,1,2175,72,0
A0281,81996,8.2,624,685985,0,52914,36,0
A0282,130905,8.6,636,715607,0,24037,36,1
A0283,173701,8.2,600,1522598,1,38535,72,1
A0284,131844,6.9,601,931260,1,24337,36,1
A0285,120351,0.0,678,1467654,1,23573,12,1
A0286,235576,5.9,587,1300849,1,87787,72,1
A0287,55356,3.2,762,533135,0,9891,60,1
A0288,150641,0.1,612,462102,1,41296,60,0
A0289,143801,12.6,850,1802766,1,62766,24,1
A0290,127850,12.8,652,1636218,1,70105,60,1
A0291,205363,11.2,696,2107083,2,94364,24,1
A0292,79938,6.6,580,590321,0,31854,48,0
A0293,239276,11.2,835,1150901,0,29094,48,1
A0294,94924,5.6,785,1047147,1,50878,72,1
A0295,144441,6.4,715,1477880,4,7671,84,1
A0296,138796,0.9,576,670456,2,26899,24,0
A0297,215149,7.2,708,1557197,4,14066,12,1
A0298,119827,5.8,595,881853,3,53180,48,0
A0299,84017,0.0,814,939084,0,21709,84,1
A0300,23014,5.3,759,222784,0,9994,24,1
A0301,102373,5.2,698,947284,0,25098,48,1
A0302,209700,13.0,483,1955073,1,65544,36,1
A0303,20300,9.3,606,108401,3,6373,36,1
A0304,225910,5.5,748,1446495,1,13162,60,1
A0305,143936,6.5,793,428851,1,42712,36,1
A0306,50537,5.7,784,543924,0,21603,48,1
A0307,88105,4.6,555,620830,0,32471,72,1
A0308,146536,1.0,716,1040626,1,11236,36,1
A0309,91240,4.9,776,463156,3,40528,12,1
A0310,43189,2.4,549,202945,0,9566,84,0
A0311,172510,0.2,689,1496029,1,6719,24,1
A0312,173960,7.6,713,859677,1,22001,72,1
A0313,45578,7.1,664,144673,1,15428,72,1
A0314,83246,0.0,533,878980,1,18518,48,0
A0315,74578,5.0,662,481247,1,34344,12,0
A0316,170986,9.7,662,1110122,2,30642,84,1
A0317,187429,9.9,677,1317409,0,95426,60,1
A0318,186663,9.8,642,2064114,1,38754,36,1
A0319,235793,5.7,652,1383819,0,97839,72,1
A0320,196326,2.0,687,2053448,2,103172,72,0
A0321,92397,0.9,728,1142509,1,24859,72,1
A0322,42996,6.9,664,405844,1,2538,24,1
A0323,160597,7.1,655,1129423,2,58132,60,1
A0324,230515,10.9,698,2386243,0,149179,36,1
A0325,244237,10.1,527,1784865,2,154059,12,1
A0326,71409,4.9,731,489258,3,11928,36,1
A0327,72857,0.3,690,583983,2,36322,12,0
A0328,26679,4.2,693,155701,1,6506,12,1
A0329,50772,6.4,772,182506,0,6568,72,1
A0330,146726,4.7,524,1005946,1,64980,48,1
A0331,144858,3.1,522,550532,0,49330,36,0
A0332,104054,6.6,713,708570,0,37909,24,1
A0333,89909,3.4,689,750543,2,48819,72,1
A0334,210512,2.9,704,2583502,0,50240,60,1
A0335,124728,6.8,651,359258,2,55329,60,1
A0336,205515,3.8,746,1854837,2,52825,24,1
A0337,241466,6.5,769,1764204,2,13640,12,1
A0338,91576,6.6,731,248422,2,24210,12,1
A0339,65035,0.7,668,332996,3,40258,12,0
A0340,239073,3.5,511,895112,1,78804,84,0
A0341,165281,11.5,755,789438,0,16049,36,1
A0342,85493,0.6,794,460208,2,39024,60,0
A0343,162272,0.0,745,1089448,1,101792,84,0
A0344,137493,0.0,615,1107494,1,81523,84,0
A0345,228084,5.6,747,572581,0,87725,36,1
A0346,77384,5.6,763,324984,1,20375,48,1
A0347,248001,5.0,822,863650,1,96725,48,1
A0348,235163,10.6,616,1945167,2,126019,12,1
A0349,59923,0.0,671,356859,0,33795,72,0
A0350,56189,7.2,754,464019,0,30212,60,1
A0351,141692,12.1,695,684251,2,44264,36,1
A0352,28419,0.8,595,78278,1,2947,48,0
A0353,87321,3.9,725,1081414,2,33434,72,1
A0354,118942,2.3,739,432620,2,15104,12,1
A0355,242895,1.7,697,930778,0,16467,60,1
A0356,248232,4.1,709,1002545,0,84194,84,1
A0357,53157,11.5,668,680591,1,23194,72,0
A0358,224870,13.2,816,2020554,3,125831,60,1
A0359,39095,4.1,613,348260,0,20148,12,1
A0360,191677,13.5,640,2465030,1,107625,72,1
A0361,214189,5.6,691,734370,4,107361,72,1
A0362,224664,12.9,765,2860480,2,104695,48,1
A0363,69833,5.1,563,324174,0,2534,60,1
A0364,225280,6.1,579,2037038,0,94208,60,0
A0365,44907,7.0,517,310347,1,4702,12,1
A0366,138375,18.9,693,903795,3,9184,24,1
A0367,126934,9.1,595,1558503,1,16118,72,0
A0368,91295,2.5,657,371287,2,49340,84,0
A0369,23130,9.6,746,299978,0,11361,24,1
A0370,197107,4.0,635,1277414,0,121859,36,1
A0371,95855,3.4,710,892615,2,61056,84,1
A0372,171506,9.3,665,2171784,0,100131,24,1
A0373,113171,5.6,747,351375,1,12722,24,1
A0374,104688,6.7,730,1276155,4,60153,12,1
A0375,223621,5.6,631,1892285,1,122981,24,1
A0376,39916,6.9,676,395015,0,22755,60,1
A0377,188895,7.3,779,768129,1,23431,36,1
A0378,191255,0.0,723,1549274,3,19587,84,0
A0379,106158,8.3,571,1016133,2,63988,84,0
A0380,78891,1.4,746,575162,3,10869,84,1
A0381,19231,0.0,598,79373,0,4972,72,0
A0382,235341,5.3,810,1191590,1,73594,60,1
A0383,237874,5.9,777,2728682,0,25489,48,1
A0384,73905,2.6,715,211512,1,3163,84,1
A0385,25403,9.0,703,252583,0,16419,12,1
A0386,46479,0.0,672,603929,1,26657,72,1
A0387,33693,3.8,748,86880,1,20069,12,1
A0388,210818,3.0,658,883534,1,43519,36,1
A0389,224924,5.3,710,2154438,1,37442,24,1
A0390,53562,6.7,764,167644,1,15749,60,1
A0391,191244,1.3,642,1662445,0,59488,72,0
A0392,59590,8.5,638,576950,3,1995,12,1
A0393,103192,5.8,588,895246,0,52952,60,1
A0394,157057,0.0,600,994868,2,101763,24,1
A0395,185023,0.0,535,1817197,2,66199,12,0
A0396,220899,5.4,752,1930677,1,59802,36,1
A0397,28390,4.6,844,132871,0,7765,60,1
A0398,63573,5.1,811,534835,1,5694,24,1
A0399,83078,5.4,552,976999,3,16202,36,0
A0400,89995,6.4,752,855110,0,30717,84,1
A0401,249543,9.5,811,1860046,1,74300,36,1
A0402,198358,0.8,651,1165677,3,72980,84,0
A0403,92337,0.6,699,314112,1,51378,72,0
A0404,243464,0.9,519,1234018,1,41304,36,0
A0405,133839,6.7,713,350318,0,6311,60,1
A0406,134172,10.7,600,1725395,2,7205,60,1
A0407,118618,3.7,707,573644,0,13426,48,1
A0408,51384,0.0,557,568112,1,19716,36,0
A0409,234775,0.0,736,1002670,0,124683,36,0
A0410,21233,2.0,777,116310,1,12311,12,0
A0411,58432,3.2,623,402708,1,24762,12,1
A0412,71280,3.8,593,420998,0,19955,36,0
A0413,82797,5.7,507,901054,0,10416,72,0
A0414,48582,4.2,667,609985,0,13549,24,1
A0415,22167,9.9,641,259145,0,5234,24,1
A0416,175217,2.7,558,720592,1,99771,36,1
A0417,242880,1.9,729,2587943,2,80579,60,1
A0418,46265,7.5,652,187533,2,7876,24,1
A0419,86796,0.0,599,1049407,0,18145,24,1
A0420,135469,7.1,643,1075316,1,15526,12,0
A0421,233181,5.9,781,1406548,1,139797,36,1
A0422,179069,4.9,741,742916,1,10962,24,1
A0423,195756,12.2,679,513663,1,7432,72,1
A0424,152819,2.9,743,779903,1,21922,84,1
A0425,114752,14.2,591,1388179,0,61133,36,1
A0426,64348,4.6,693,699543,4,22815,12,0
A0427,218521,0.1,703,2771466,1,91347,12,0
A0428,204557,5.8,650,727813,1,51506,36,1
A0429,23823,1.0,727,207686,2,1729,48,1
A0430,183975,2.3,624,956685,2,103177,48,0
A0431,37578,7.2,733,308173,0,5598,36,1
A0432,189445,7.8,737,1111053,0,9566,36,1
A0433,209622,2.9,442,1147971,2,80721,24,0
A0434,48405,9.6,791,412671,1,3952,48,1
A0435,118650,10.4,431,525007,1,10604,60,0
A0436,46711,11.5,638,346871,2,24581,12,1
A0437,149610,7.7,777,1396389,0,50089,48,1
A0438,233195,11.2,663,896847,3,41913,60,0
A0439,36761,0.0,565,451103,1,9049,60,0
A0440,110238,4.2,597,860971,1,53149,48,0
A0441,243764,1.9,777,2707010,1,17341,48,1
A0442,87820,6.0,527,822523,0,8977,60,1
A0443,48674,3.1,786,484550,1,20058,36,1
A0444,131351,4.8,685,1316055,2,53371,48,0
A0445,135942,13.4,589,1588965,0,86041,36,1
A0446,171785,4.8,640,1536249,1,45046,48,0
A0447,90787,7.2,604,492182,3,6387,12,1
A0448,239705,4.5,764,849719,1,87078,36,1
A0449,138877,5.8,752,1231232,1,59130,12,1
A0450,84455,5.5,544,269978,1,9844,24,1
A0451,240786,7.4,656,1212016,0,89759,36,0
A0452,232556,10.4,617,729627,1,35492,48,0
A0453,133806,12.4,800,1105682,2,74093,84,1
A0454,23767,6.8,575,99430,0,13020,12,0
A0455,156489,8.0,826,1394204,0,46379,84,1
A0456,146806,0.7,687,1586104,0,92397,36,1
A0457,52384,5.1,591,583021,1,33393,72,0
A0458,165082,9.4,632,949256,1,18181,60,1
A0459,213064,9.1,622,1760766,0,54967,84,1
A0460,42568,6.4,582,358066,2,17121,12,1
A0461,185811,9.2,698,1387138,2,15348,84,1
A0462,50558,7.6,586,474168,1,13511,12,0
A0463,191728,10.5,505,902256,2,36798,84,1
A0464,115234,6.7,658,1472927,2,71476,60,1
A0465,19510,4.0,537,68867,0,5564,48,0
A0466,242166,6.9,626,2713911,2,121775,36,0
A0467,56505,0.0,613,493741,1,15243,12,0
A0468,156282,7.1,616,792502,0,17460,72,1
A0469,60100,0.0,850,620808,2,33966,72,1
A0470,234462,0.0,695,794134,0,7094,84,1
A0471,189292,7.4,711,2012437,1,12244,72,1
A0472,204612,7.5,539,1779070,1,52364,84,0
A0473,118242,0.6,634,433106,0,53904,84,0
A0474,126432,2.5,708,421626,1,30578,36,1
A0475,165158,11.3,603,1714965,1,11745,60,1
A0476,200065,3.5,767,1115528,3,45427,24,1
A0477,214500,14.9,588,2539180,2,39015,72,1
A0478,22138,5.5,666,232488,0,739,60,0
A0479,171946,7.2,640,1690401,1,62172,48,1
A0480,43321,12.3,704,235032,2,4433,60,1
A0481,84800,6.1,636,843244,2,17659,24,1
A0482,210428,1.3,667,2620997,1,89966,60,0
A0483,76119,5.0,670,263477,2,36505,48,0
A0484,202862,5.4,628,1201898,1,39222,36,1
A0485,125418,0.0,731,622582,1,29360,84,1
A0486,71972,4.4,710,477111,4,13177,12,1
A0487,95544,2.4,682,983577,3,59550,72,0
A0488,141139,9.4,653,1055656,1,20906,24,1
A0489,195514,5.6,758,1660436,2,28070,24,1
A0490,158596,4.3,670,919639,0,48518,24,1
A0491,234508,5.1,664,934171,2,34559,12,1
A0492,219316,6.4,699,1162990,1,27888,12,1
A0493,192778,8.1,834,2222083,4,17243,72,1
A0494,157921,1.3,576,1393713,1,67417,84,0
A0495,85246,1.1,755,551446,0,34907,60,1
A0496,113717,10.1,529,1227463,0,49251,12,1
A0497,45583,3.8,708,144808,2,23222,84,1
A0498,104811,0.0,824,541439,2,24352,60,1
A0499,232942,7.4,732,1145162,0,139631,48,1
A0500,116805,7.4,705,1500515,0,56602,84,1
A0501,44385,0.0,642,440034,1,23476,36,0
A0502,169248,6.5,693,1520990,1,80731,36,1
A0503,241327,8.6,669,615949,3,60873,72,1
A0504,219258,7.1,623,972465,2,45053,48,1
A0505,81586,8.2,665,748403,0,23820,72,1
A0506,123304,0.0,707,799880,0,11117,60,1
A0507,141196,6.9,625,1723289,0,43742,72,1
A0508,75499,4.2,621,794975,1,4284,36,0
A0509,80336,3.5,574,578221,0,2607,12,1
A0510,72905,9.2,723,756018,1,44292,48,1
A0511,248743,11.7,736,3000000,1,113772,60,1
A0512,191076,13.0,710,1402555,0,72293,72,1
A0513,213079,11.0,772,1970240,0,51455,24,1
A0514,207444,5.0,697,2519610,0,79603,72,0
A0515,240522,7.0,723,1229328,0,140171,72,1
A0516,42424,8.7,716,500979,1,18432,72,1
A0517,222539,6.0,682,784276,0,89803,72,1
A0518,33441,6.0,645,311292,2,10545,84,1
A0519,128298,9.0,850,1375329,1,31347,60,1
A0520,155909,5.3,652,1395910,2,72201,36,1
A0521,101024,2.4,633,778200,0,64474,48,1
A0522,51912,3.8,727,466281,3,15228,72,1
A0523,62614,8.2,711,256246,1,17104,24,1
A0524,209322,5.5,571,997104,2,61840,60,1
A0525,91944,6.9,785,490424,0,27017,60,1
A0526,89997,8.3,682,789875,1,57975,60,1
A0527,232220,3.9,596,1658042,1,108726,36,1
A0528,51378,8.7,791,260332,1,12983,72,1
A0529,230342,7.1,743,2711010,0,59965,12,1
A0530,231666,0.3,583,1488727,1,68827,72,1
A0531,156866,11.6,841,1126821,0,8276,72,1
A0532,56403,3.4,746,383645,1,20150,84,1
A0533,54159,0.0,689,238863,0,28870,84,0
A0534,84055,1.1,825,855855,0,36947,36,1
A0535,151961,1.2,704,1095458,0,23253,12,1
A0536,53638,5.7,688,143251,2,25820,60,0
A0537,123713,4.3,634,1561523,3,58895,12,0
A0538,44793,4.1,739,495658,0,8635,24,1
A0539,143346,8.1,731,1447418,2,59658,60,1
A0540,22906,6.9,691,266293,1,9364,60,1
A0541,182497,6.8,623,2193883,2,100495,60,1
A0542,30851,7.2,701,186452,1,3528,72,1
A0543,63198,8.1,684,563414,1,9530,24,1
A0544,58516,0.0,577,520352,3,19386,72,0
A0545,210791,4.0,565,1118593,1,12093,60,1
A0546,30384,0.0,738,146770,0,8741,36,1
A0547,117588,5.7,469,434608,0,60992,48,0
A0548,155145,5.5,707,1461900,1,18959,48,1
A0549,137711,9.9,649,1473459,1,43402,48,1
A0550,175926,10.5,801,1845465,0,113236,36,1
A0551,204320,6.4,648,1189325,3,70219,24,1
A0552,109322,3.4,746,508919,1,37056,24,1
A0553,210147,7.5,656,1526287,1,79110,36,1
A0554,91774,3.3,700,756359,1,13337,24,1
A0555,246387,5.5,753,2993704,0,29872,48,1
A0556,135050,9.6,651,1578146,1,60767,84,1
A0557,188755,3.2,775,2287449,1,51978,12,1
A0558,221002,8.9,606,2525557,0,46353,36,1
A0559,201895,8.3,715,2549551,1,9986,12,1
A0560,215463,1.5,768,1591787,1,119485,84,1
A0561,142471,9.6,746,427195,1,7130,60,1
A0562,28086,8.4,850,94858,3,13902,24,1
A0563,132395,5.9,625,873529,0,35327,36,1
A0564,60107,2.3,573,312900,1,24114,72,0
A0565,224275,1.9,605,960878,0,41168,84,1
A0566,72925,3.2,746,912193,1,9214,60,1
A0567,70912,7.8,732,322785,0,25578,24,1
A0568,75858,1.5,699,953799,0,34992,60,0
A0569,167076,7.3,595,1752428,1,25263,60,1
A0570,150526,0.3,755,1389344,1,45239,60,1
A0571,238132,4.6,586,2285638,0,72794,12,1
A0572,114573,6.0,789,685202,1,18779,60,1
A0573,83488,15.8,850,775393,2,31753,12,1
A0574,29427,0.0,721,131252,2,3545,84,1
A0575,19641,11.7,740,242486,2,6797,84,1
A0576,104678,6.1,648,593402,2,10502,48,1
A0577,232790,7.2,536,1205726,0,77062,60,1
A0578,139511,6.0,639,1390535,2,31138,12,1
A0579,225303,7.4,597,2116206,2,69932,84,1
A0580,41587,4.9,567,301033,0,12431,24,0
A0581,39650,11.6,836,362428,1,23509,24,1
A0582,211363,3.6,713,882372,0,70545,60,1
A0583,42764,10.3,722,409249,1,22984,84,1
A0584,30055,2.8,664,160536,0,5106,48,1
A0585,111749,5.2,675,599509,1,27746,48,1
A0586,232564,1.0,772,977441,5,17804,48,1
A0587,177937,7.4,687,1065835,1,51755,36,1
A0588,40994,11.6,735,245068,2,18226,60,1
A0589,212215,5.2,673,1542565,0,116647,84,1
A0590,213710,4.7,661,961568,2,81395,36,1
A0591,203762,0.8,570,922345,0,86975,72,0
A0592,227416,4.5,522,1862140,3,31817,72,0
A0593,73651,0.0,668,283793,0,3908,72,0
A0594,245261,1.7,695,2387228,0,127743,72,0
A0595,92401,6.5,581,1146830,2,12341,84,0
A0596,204070,11.0,687,1424685,1,17657,72,1
A0597,152413,17.3,695,1823104,1,93168,84,1
A0598,198839,3.0,507,702364,2,124748,72,0
A0599,163654,11.5,612,482952,2,67438,72,1
A0600,167056,6.5,725,1682984,0,44229,84,1
A0601,160978,4.9,723,1688776,1,87992,84,0
A0602,198727,7.3,592,2255971,2,31186,60,1
A0603,189458,5.8,703,586673,2,56122,60,1
A0604,49216,6.0,777,524521,1,12370,84,1
A0605,209645,3.8,756,1352977,2,124922,36,1
A0606,142368,0.0,682,809369,1,85458,12,1
A0607,92955,0.0,650,401264,2,40301,84,0
A0608,137300,8.2,637,1779156,1,13546,60,1
A0609,242341,4.3,730,767850,0,79720,36,1
A0610,216957,3.0,707,2426357,0,39509,72,1
A0611,211418,5.5,743,1948152,0,122337,12,1
A0612,125369,8.8,701,1281064,2,14519,48,1
A0613,199920,6.3,760,1993808,1,12729,24,1
A0614,107341,2.7,698,1235877,1,50101,36,1
A0615,177191,10.7,757,784924,1,55113,84,1
A0616,166379,12.1,764,417388,1,91473,48,1
A0617,75953,7.6,622,667213,2,5793,12,1
A0618,79819,9.6,536,496116,0,42038,36,1
A0619,32182,10.7,821,122284,2,1710,24,1
A0620,50426,10.2,712,224620,0,2390,84,1
A0621,118599,8.1,544,709621,0,37479,36,1
A0622,128868,8.0,629,417204,2,21547,36,1
A0623,56308,7.7,756,174419,2,22417,36,1
A0624,114718,0.9,666,1390184,0,5278,24,0
A0625,158169,8.4,646,913755,0,8216,72,1
A0626,71956,0.0,809,922003,1,34599,60,1
A0627,96471,2.2,601,1218029,1,15465,48,0
A0628,103263,11.0,622,412742,2,45124,36,1
A0629,135173,9.0,708,1352636,1,66904,60,1
A0630,103003,11.7,723,907297,1,6879,12,1
A0631,188971,4.4,732,1842806,1,95855,84,1
A0632,93979,0.7,767,329867,2,18459,48,1
A0633,118664,4.5,707,531601,2,32219,24,1
A0634,106036,5.9,732,350418,1,8877,48,1
A0635,60436,5.8,668,534460,1,33237,72,1
A0636,177093,10.3,695,2277275,0,66879,24,1
A0637,72623,4.0,699,693974,1,24902,48,1
A0638,86875,7.0,708,865535,2,54775,60,0
A0639,201919,1.3,756,2592265,3,47934,72,1
A0640,238135,7.4,737,2290649,0,138662,48,1
A0641,173636,5.5,694,507348,0,82687,72,1
A0642,230593,2.4,621,2675699,4,139667,72,0
A0643,216173,4.5,696,1368185,1,128155,84,1
A0644,129571,4.7,688,329864,0,83501,36,1
A0645,196708,4.4,706,1539429,1,21960,60,1
A0646,94180,12.9,850,1162055,2,49306,24,1
A0647,124835,5.1,645,649388,3,66011,72,0
A0648,142221,4.5,726,1089539,1,61086,84,1
A0649,240835,0.0,781,1041529,0,48864,36,1
A0650,214866,1.7,698,667325,2,135020,48,1
A0651,131507,4.4,850,439986,0,20613,72,1
A0652,169400,2.6,658,1716634,2,57551,12,0
A0653,64946,11.3,718,751606,3,22947,60,1
A0654,204619,4.8,622,819425,1,26669,72,1
A0655,146305,10.9,660,808678,1,69929,84,1
A0656,141592,5.8,711,643933,1,12049,24,1
A0657,195778,5.7,762,544652,1,90003,72,1
A0658,164837,5.1,717,1369965,3,91673,72,1
A0659,34812,5.5,797,342870,3,8586,12,1
A0660,84852,12.7,682,789354,0,39867,60,1
A0661,58998,0.0,662,387886,1,7505,60,0
A0662,188495,0.0,850,1569712,1,104518,84,1
A0663,26154,3.2,724,91226,0,16222,12,1
A0664,64958,5.6,629,267639,1,8098,84,1
A0665,156607,8.4,631,1923736,1,71875,48,1
A0666,179193,7.5,610,1880780,0,61573,24,1
A0667,134767,3.9,770,1642643,0,48453,36,1
A0668,217687,9.8,659,2639486,1,101883,72,1
A0669,231195,9.8,701,2154419,0,76992,84,1
A0670,48647,6.3,685,595756,0,19566,36,1
A0671,238983,9.5,752,1643102,1,41382,84,1
A0672,160536,6.6,618,407436,0,42490,60,1
A0673,165603,3.1,599,522808,2,93806,24,0
A0674,40062,8.4,709,146211,1,3932,60,1
A0675,162274,6.0,741,568156,1,64990,72,0
A0676,186366,5.5,718,1154141,1,26885,12,1
A0677,152744,11.7,621,1506567,3,84751,12,1
A0678,37602,0.0,748,406170,1,14627,12,1
A0679,139389,0.0,627,1212300,1,39014,48,1
A0680,235138,0.5,646,949388,1,43475,12,1
A0681,185833,4.0,610,1923923,1,55907,84,0
A0682,49878,4.4,801,310512,0,31110,12,1
A0683,240706,0.0,744,634605,2,83214,12,1
A0684,240461,1.4,741,1309594,1,77208,24,1
A0685,57299,1.9,796,342150,0,28231,72,1
A0686,203805,15.8,850,1096385,1,54010,84,1
A0687,112358,13.1,545,1238706,1,33146,24,1
A0688,155734,3.8,627,1631972,2,37206,48,0
A0689,121283,4.0,638,1188973,0,14987,72,1
A0690,199569,0.7,618,790204,2,94309,72,0
A0691,249226,0.0,598,2737064,1,142378,24,1
A0692,202467,5.0,665,1945778,0,119753,72,1
A0693,234079,1.3,587,1064075,1,134852,84,0
A0694,237479,5.1,718,2209739,1,73644,72,1
A0695,38904,0.0,694,294771,0,8019,48,1
A0696,76785,2.3,731,546185,1,32673,36,1
A0697,185471,6.1,733,682031,1,115348,84,1
A0698,154898,7.0,741,1230230,4,74471,84,1
A0699,29633,7.3,658,105176,1,9981,48,1
A0700,40051,0.0,850,169202,1,18306,72,1
A0701,138767,9.1,710,540045,0,70629,36,1
A0702,160951,2.1,532,2014807,0,96562,72,0
A0703,56911,8.2,605,312503,1,28637,12,1
A0704,57739,5.5,542,359693,2,17240,84,0
A0705,48007,0.0,691,282370,1,9584,48,0
A0706,149069,4.2,680,1778636,2,50673,60,0
A0707,19822,7.0,650,166726,0,4628,24,1
A0708,150804,8.1,850,1832446,1,92671,48,1
A0709,128415,4.9,737,725443,0,44295,12,1
A0710,126109,11.9,752,467330,1,40692,84,1
A0711,175592,9.7,611,1464489,1,43175,72,1
A0712,139251,4.4,605,853349,1,59381,48,0
A0713,186838,8.7,693,2040275,1,65848,72,1
A0714,195230,13.6,705,2290818,0,21477,72,1
A0715,231468,13.7,532,1727219,1,131684,12,1
A0716,203425,0.3,675,2583349,2,51383,12,1
A0717,138108,1.6,691,1147213,0,41184,24,1
A0718,132180,11.7,672,706458,0,20820,12,1
A0719,72684,1.1,621,554887,0,27119,60,0
A0720,157106,0.0,644,454313,1,73097,48,1
A0721,50279,3.5,675,550153,2,28977,48,0
A0722,234047,7.3,698,834393,1,14510,12,1
A0723,214051,5.1,741,1229051,1,135594,84,1
A0724,45778,2.8,782,386175,1,21349,84,1
A0725,200342,2.7,665,591257,2,41324,60,1
A0726,45168,2.5,651,150537,1,7081,12,1
A0727,185324,1.8,727,1817884,1,39580,36,1
A0728,38348,15.1,742,124771,0,21971,72,1
A0729,131261,6.7,653,985687,1,27652,72,0
A0730,170624,9.2,757,1033351,0,54079,24,1
A0731,187084,3.4,773,915745,3,87473,72,1
A0732,115117,4.7,800,515975,1,65690,84,1
A0733,231817,2.5,841,2437746,2,101609,48,1
A0734,197643,0.0,616,2468797,2,98214,36,0
A0735,66317,0.0,691,263404,4,9116,48,0
A0736,173726,0.0,691,2184892,0,99717,12,0
A0737,187484,0.0,682,1639549,0,37674,48,1
A0738,95404,0.5,635,881288,2,10456,12,0
A0739,189270,11.1,564,1884037,0,120238,12,1
A0740,226421,5.3,698,2240039,0,35099,48,1
A0741,207571,10.9,625,2305702,2,23813,48,1
A0742,194908,7.2,697,1476705,3,81497,84,0
A0743,165204,8.8,623,1338196,3,37616,48,1
A0744,80764,1.7,597,476522,2,9100,84,0
A0745,202492,7.7,710,730025,1,81543,72,1
A0746,102492,8.6,703,971493,1,51305,36,1
A0747,141470,3.1,739,403600,1,73817,84,1
A0748,90950,7.9,850,490600,2,11498,48,1
A0749,90620,7.9,714,316211,0,34006,60,1
A0750,54566,3.2,731,245691,0,29164,12,1
A0751,241022,0.8,598,2219011,2,31302,24,0
A0752,52285,0.5,581,475741,0,8301,48,0
A0753,38012,5.9,825,263084,0,1197,24,1
A0754,235182,6.9,612,810627,0,83554,60,1
A0755,146763,2.2,601,1034742,2,22118,12,1
A0756,119594,5.6,687,741940,1,57289,24,1
A0757,189098,7.9,682,1903238,1,118484,60,1
A0758,106930,8.1,613,917436,3,17048,60,0
A0759,47677,12.0,664,365275,1,20617,84,1
A0760,187287,10.9,794,1425874,1,30216,84,1
A0761,58832,1.3,621,743996,0,2422,72,1
A0762,146294,12.6,572,1527469,0,73191,12,1
A0763,238184,3.3,770,1838372,1,71237,60,1
A0764,235185,9.9,732,1771375,1,145111,24,1
A0765,101702,5.8,637,282531,2,36741,24,0
A0766,199030,3.8,556,2467245,1,25404,24,1
A0767,160141,0.0,627,937037,1,49461,48,1
A0768,129214,4.8,685,670280,1,20131,12,1
A0769,50463,0.0,789,655706,1,28985,48,0
A0770,105315,9.6,602,1058020,2,48272,24,1
A0771,169245,11.9,683,507281,0,40884,48,1
A0772,246899,2.2,747,777682,0,88204,60,1
A0773,19134,6.8,488,52958,0,8516,24,0
A0774,184521,2.5,778,1623046,0,95097,12,1
A0775,214350,2.9,589,696943,1,17082,72,0
A0776,238678,8.8,718,2935877,1,10493,72,1
A0777,116322,5.3,711,1435125,0,11744,24,1
A0778,45487,12.8,782,374520,1,12504,84,1
A0779,80864,3.5,737,725731,1,25825,24,1
A0780,215324,9.7,488,1198255,2,24677,84,0
A0781,221681,5.9,623,703108,2,63160,12,1
A0782,165801,8.8,702,1698355,3,50371,60,1
A0783,46475,3.6,673,165858,1,4538,12,1
A0784,46285,5.3,731,157293,1,27694,24,1
A0785,128936,5.0,757,743683,0,51764,36,1
A0786,154476,2.0,742,406409,0,41846,12,1
A0787,25511,8.3,672,180041,1,8783,48,1
A0788,177175,8.2,533,1759463,0,39829,24,1
A0789,144326,8.0,651,1575198,0,80777,12,1
A0790,20854,12.0,725,184458,1,8060,84,1
A0791,40197,11.6,597,457931,0,13540,84,1
A0792,123402,3.9,744,835218,1,73393,84,1
A0793,185640,7.1,767,2118544,3,102018,24,1
A0794,209493,2.9,701,1637810,1,111856,36,1
A0795,118062,5.6,430,571642,0,20056,36,0
A0796,86523,3.0,581,1074056,0,10810,36,0
A0797,242648,12.3,850,1307192,0,111099,36,1
A0798,124383,7.0,644,345177,1,39872,48,1
A0799,91170,4.6,521,460233,0,41382,48,0
A0800,120617,10.5,795,765944,1,60500,36,1
A0801,20805,0.0,691,128766,0,4433,84,0
A0802,88047,0.0,784,705169,0,18180,84,1
A0803,137609,8.8,714,1620048,0,46005,36,1
A0804,231079,5.8,729,1287006,0,46124,24,1
A0805,189269,6.6,721,1508113,2,83983,48,1
A0806,199260,0.0,749,1209799,1,98230,36,1
A0807,144417,5.4,850,1607161,1,46598,84,1
A0808,43656,13.9,773,181383,0,20901,48,1
A0809,108695,9.0,556,389874,1,37660,12,1
A0810,249313,6.2,728,1940017,0,117671,12,1
A0811,28247,3.7,787,269895,0,4787,12,1
A0812,221975,3.8,792,2409098,1,108342,36,1
A0813,176803,0.0,654,1536606,1,83694,36,1
A0814,83867,6.6,789,891122,1,16379,72,1
A0815,198494,9.1,769,1314716,0,74376,84,1
A0816,212160,0.0,850,603619,2,118872,12,1
A0817,28026,2.7,626,104230,0,5177,84,0
A0818,42689,0.6,647,124079,4,20760,60,0
A0819,172454,1.4,664,1026775,1,107173,36,0
A0820,249793,5.7,648,1924070,2,141650,36,1
A0821,23560,0.0,614,147046,2,6572,48,0
A0822,172439,8.1,455,1446124,1,70091,24,0
A0823,49673,8.7,653,374852,5,32034,84,0
A0824,168829,4.4,721,1623865,1,64565,12,1
A0825,162609,0.0,648,1545290,2,16475,12,1
A0826,38982,1.3,850,227642,2,2267,24,1
A0827,175929,10.7,691,1079369,2,91482,24,1
A0828,226112,0.0,800,1954524,0,66172,12,1
A0829,218319,4.0,712,1913029,2,39958,36,1
A0830,24727,0.5,760,143524,1,6072,36,1
A0831,75052,8.9,714,447936,2,37494,12,1
A0832,73872,2.7,806,723020,3,23525,72,0
A0833,123164,7.2,695,1145156,0,70015,84,0
A0834,51181,7.9,732,200529,0,24856,72,0
A0835,216209,13.2,721,1541773,2,137052,48,1
A0836,198210,4.6,665,2353429,1,115135,84,1
A0837,205537,7.1,724,592195,2,38604,36,1
A0838,63983,0.0,850,734475,0,28064,36,0
A0839,21380,10.5,667,90082,0,914,12,1
A0840,229268,2.3,726,1794277,1,147760,60,0
A0841,85027,3.1,797,591408,1,16310,12,1
A0842,170255,5.4,787,443745,1,75282,60,1
A0843,228990,0.0,691,2773451,0,127427,72,1
A0844,26389,6.5,487,192025,2,3417,24,1
A0845,19269,9.6,734,241244,0,10707,60,1
A0846,19259,6.7,501,106133,2,724,36,0
A0847,54267,0.0,815,629274,0,16499,36,1
A0848,29984,5.0,704,365358,0,9675,48,1
A0849,208236,8.6,775,1738092,2,54545,24,1
A0850,158575,0.0,613,733904,1,62409,72,1
A0851,245371,1.0,558,2378896,1,146536,36,0
A0852,203944,9.2,712,1685448,0,47465,48,1
A0853,241460,6.6,687,2998344,1,93962,72,1
A0854,73344,7.2,648,521649,3,42101,24,1
A0855,84769,13.3,697,450920,1,43169,48,1
A0856,215063,7.5,850,849932,2,11883,84,1
A0857,74813,8.3,761,735835,0,45975,36,1
A0858,31277,16.9,779,398098,3,1843,12,1
A0859,173238,4.6,762,484652,3,68434,24,1
A0860,203824,2.1,816,2094226,3,78823,84,1
A0861,242622,7.3,674,2967939,1,125572,72,0
A0862,233249,7.3,515,766271,1,28464,72,0
A0863,45893,3.3,674,167821,0,6481,24,1
A0864,197129,1.2,759,1925073,4,97836,72,1
A0865,214302,15.2,608,1993783,1,26293,36,1
A0866,179964,6.9,675,579968,0,57779,72,1
A0867,208194,2.4,631,2344564,1,100687,84,1
A0868,212412,9.3,818,1698436,2,92138,24,1
A0869,121600,5.0,754,1462310,0,19526,84,1
A0870,27315,4.4,745,320102,1,5967,60,1
A0871,123837,7.9,743,1366087,1,78112,72,1
A0872,64813,0.1,687,513121,2,19974,72,0
A0873,44385,7.0,707,228270,0,2555,24,1
A0874,46982,13.5,589,367058,1,7806,72,1
A0875,179791,7.5,504,639790,0,43565,24,1
A0876,135051,3.9,703,1271895,2,87740,24,1
A0877,143243,3.4,718,559616,2,31180,12,1
A0878,190884,3.8,793,1501745,1,8850,24,1
A0879,145198,4.4,824,445905,1,50531,84,1
A0880,164163,3.9,823,926681,1,13434,36,1
A0881,37957,9.3,605,187388,1,7588,36,1
A0882,215463,0.0,660,1941393,1,139033,48,0
A0883,122117,9.1,731,1314133,2,57013,60,1
A0884,54009,3.9,850,167519,0,3317,60,1
A0885,206693,7.1,816,2362083,0,63700,48,1
A0886,188432,0.8,785,2174140,1,25705,72,1
A0887,30302,11.1,657,184655,1,3219,48,1
A0888,62785,10.7,615,591406,0,24736,72,1
A0889,21653,9.5,757,145669,2,7438,84,1
A0890,80816,0.0,596,332881,1,39646,60,0
A0891,41195,9.0,670,331659,1,24026,12,1
A0892,182698,7.2,680,622411,2,33423,24,1
A0893,139232,0.0,825,1632350,5,83853,60,0
A0894,245408,5.4,660,2995215,1,86176,48,1
A0895,191867,7.0,483,2134892,1,36546,24,1
A0896,159878,7.8,733,1344022,1,88634,36,1
A0897,136161,6.2,631,1137596,1,7084,12,1
A0898,30644,6.7,694,393419,1,11550,24,0
A0899,34286,11.7,683,174960,0,16368,72,1
A0900,160984,10.6,667,530838,4,32774,12,1
A0901,19015,0.0,757,159733,1,10750,72,0
A0902,27825,4.2,560,165621,1,4980,36,1
A0903,68839,4.8,646,405087,0,37911,72,0
A0904,223122,0.0,748,574404,2,17559,24,1
A0905,124472,5.9,638,1090439,2,16076,72,0
A0906,182622,10.7,553,962848,1,48616,60,1
A0907,113482,0.9,747,507550,0,63495,72,1
A0908,58165,6.9,785,170106,1,6959,12,1
A0909,104108,1.7,686,658566,0,59630,72,0
A0910,39279,2.7,523,460710,1,6773,24,0
A0911,196699,11.7,750,1187087,2,61086,36,1
A0912,60579,3.2,549,583393,1,15066,12,0
A0913,105319,7.4,716,1099925,1,10873,84,1
A0914,245367,0.0,615,1458721,1,151017,60,0
A0915,155336,13.3,591,1728459,1,46860,84,1
A0916,124386,8.0,652,1214597,0,56969,48,1
A0917,143979,4.7,674,1205398,1,55672,24,1
A0918,199907,7.9,635,501851,1,68181,36,1
A0919,77040,0.0,740,220986,0,31762,48,1
A0920,165647,10.5,652,2137524,1,97230,24,0
A0921,220465,4.1,773,2362058,3,102202,84,1
A0922,150800,4.6,714,1861541,2,54309,84,1
A0923,121597,3.4,631,1456025,1,52289,48,0
A0924,51670,3.1,616,140266,1,20976,60,0
A0925,75603,8.4,550,817601,0,22570,60,0
A0926,237478,6.6,715,1718635,1,99112,60,1
A0927,143572,8.2,660,1549194,0,43791,12,1
A0928,87911,5.5,488,225977,0,43931,48,0
A0929,115061,7.7,644,635838,0,72572,72,0
A0930,152100,3.7,613,1580152,1,95080,72,1
A0931,142711,14.9,824,1545092,2,76901,60,1
A0932,180348,0.0,545,1624395,0,72697,84,0
A0933,77738,10.8,567,440245,2,38448,60,1
A0934,168622,11.2,784,971062,0,23673,36,1
A0935,120701,1.9,805,1526991,1,39468,48,1
A0936,236218,14.9,627,1679918,1,44770,60,1
A0937,54638,9.7,636,393110,1,1758,84,1
A0938,52437,9.6,742,435201,0,33003,24,1
A0939,125105,5.6,492,850686,0,70758,36,0
A0940,135938,4.6,532,1128700,1,47373,60,0
A0941,178283,4.6,666,1255027,0,33441,72,1
A0942,111736,7.1,822,1249265,1,51359,36,1
A0943,229983,11.4,653,2770153,0,68898,60,1
A0944,128007,6.3,699,1572842,1,67598,12,0
A0945,48006,1.7,786,404456,0,31190,36,1
A0946,45658,9.0,850,326115,2,11252,84,1
A0947,243831,9.4,641,2415151,2,44263,60,1
A0948,49110,8.2,689,555061,2,9615,84,1
A0949,237902,8.6,845,2001068,1,20906,24,1
A0950,82513,4.4,561,812737,0,22634,36,1
A0951,39671,1.6,777,411474,3,1619,84,1
A0952,88691,1.9,603,851623,1,8951,84,0
A0953,160610,0.0,699,1659808,3,31873,84,1
A0954,117273,6.5,669,550101,0,15142,36,1
A0955,200255,5.1,609,1548558,0,96911,72,0
A0956,159749,3.7,606,1386113,1,15252,48,1
A0957,110982,0.0,713,280343,2,62918,72,0
A0958,165234,0.3,775,1898143,1,27609,72,1
A0959,243380,10.2,679,2167362,0,23687,48,1
A0960,113540,2.7,696,437802,2,4118,36,1
A0961,53599,7.0,739,593435,0,25375,84,1
A0962,112838,0.0,607,1131663,1,21338,48,0
A0963,212907,11.5,753,2227464,1,73642,48,1
A0964,68490,4.9,760,453160,0,6794,60,1
A0965,238202,6.7,850,2731969,1,152660,84,1
A0966,154487,15.3,658,1057817,0,16644,12,1
A0967,157565,11.9,651,1337781,2,44968,84,1
A0968,91553,4.2,755,229500,0,51089,36,1
A0969,231546,3.0,760,2146702,4,42102,12,1
A0970,26365,4.1,645,264727,1,5155,36,0
A0971,87292,7.6,656,738023,3,46376,48,1
A0972,115069,5.1,736,887627,0,22953,60,1
A0973,128728,3.8,620,1416566,1,4091,48,0
A0974,127999,11.7,655,1235755,2,37799,12,1
A0975,52318,5.0,698,283552,0,1976,48,0
A0976,70337,15.2,775,884155,3,41785,24,1
A0977,40096,5.9,639,398005,1,17158,24,1
A0978,150810,13.0,533,1941431,1,59037,60,1
A0979,99401,7.0,527,1262218,3,15406,72,0
A0980,149259,9.5,583,1813281,0,69251,24,1
A0981,154814,2.5,578,1614927,1,69650,60,0
A0982,180865,1.9,677,1609519,1,12206,36,0
A0983,144912,7.4,589,624251,1,83487,36,0
A0984,168324,9.7,630,1381130,2,65518,60,1
A0985,154219,5.7,624,1624921,2,80399,24,1
A0986,169365,0.1,653,1349670,0,32689,72,1
A0987,161062,0.0,802,1870978,1,17019,36,1
A0988,91361,0.0,746,333594,2,42530,12,1
A0989,75138,0.0,691,488388,3,39238,72,0
A0990,200685,6.0,651,1567877,1,54053,72,1
A0991,97507,10.2,653,686392,0,4358,48,1
A0992,145402,5.4,718,529286,1,78127,72,1
A0993,63697,0.0,740,261925,0,10050,24,1
A0994,118089,4.7,613,1333813,1,28365,36,1
A0995,140882,4.8,693,1068736,1,59100,36,1
A0996,163235,14.3,517,491596,1,15013,72,1
A0997,140119,0.0,708,374560,2,10458,36,1
A0998,101672,3.9,755,759642,1,4670,72,1
A0999,241131,12.7,666,1019014,1,144273,36,1
A1000,136956,7.4,844,1356388,1,30549,60,1
